{"cameraMode":{"drawMode":0,"name":"Shaded","section":"Shading Mode"},"sceneLighting":true,"audioPlay":false,"sceneViewState":{"m_AlwaysRefresh":false,"showFog":true,"showSkybox":true,"showFlares":true,"showImageEffects":true,"showParticleSystems":true,"showVisualEffectGraphs":true,"m_FxEnabled":true},"in2DMode":false,"pivot":{"x":334.9089050292969,"y":110.12030792236328,"z":-13.891067504882813},"rotation":{"x":-0.16776269674301148,"y":-0.026651136577129365,"z":0.004456257913261652,"w":-0.9855794310569763},"size":71.90010070800781,"orthographic":true}