{"cameraMode":{"drawMode":0,"name":"Shaded","section":"Shading Mode"},"sceneLighting":true,"audioPlay":false,"sceneViewState":{"m_AlwaysRefresh":false,"showFog":true,"showSkybox":true,"showFlares":true,"showImageEffects":true,"showParticleSystems":true,"showVisualEffectGraphs":true,"m_FxEnabled":true},"in2DMode":false,"pivot":{"x":-1.9643940925598145,"y":0.8449648022651672,"z":-0.008339285850524903},"rotation":{"x":-0.04992612451314926,"y":-0.9395374655723572,"z":0.15555785596370698,"w":-0.3011459708213806},"size":6.27716588973999,"orthographic":false}